Company Name,Company Real or Fake(1 or 0),LinkedIn Followers > 1000,Profile Picture,Responsive Website,Staff Count > 1000,Staff Premium Accounts,Summary Section,Verified Address,Published Articles,Requests Sensitive Info,Legitimate Email,LinkedIn Recommendations,Risk level
ALPHALINX INDIA PVT LTD,0,1,1,1,0,0,1,0,0,0,1,0,2
Buttress Tech0logies Pvt Ltd,0,1,1,1,0,0,1,0,0,0,1,0,2
Future Focus Tech0logies,0,0,0,1,0,0,0,0,0,0,1,0,5
Gravity Tech Inc,0,0,0,1,0,0,0,0,0,0,1,0,5
Digitech Solution Limited,0,1,1,1,1,0,1,0,0,0,1,0,1
JVS Infotech Pvt Ltd,0,1,1,1,1,0,1,0,0,0,1,0,1
Cynex Global,0,0,0,1,0,0,0,0,0,0,1,0,5
FuturesoftTech Infotech,0,0,0,1,1,0,0,0,0,0,1,0,4
FuturesoftTech point tech0logies,0,0,0,1,0,0,0,0,0,0,1,0,5
GlobalsoftTech Care Solutions,0,0,0,1,0,0,0,0,0,0,1,0,5
GlobalsoftTech tech solutions,0,1,1,1,0,0,0,0,0,0,1,0,3
GlobussoftTech system,0,0,0,1,0,0,0,0,0,0,1,0,5
GrabsoftTech Tech0logies,0,0,0,1,0,0,0,0,0,0,1,0,5
HELIOSsoftTech IN0VATIONS,0,0,0,1,0,0,0,0,0,0,1,0,5
HelixsoftTech Tech0logies,0,0,0,1,0,0,0,0,0,0,1,0,5
HighsoftTech Tech Lead,0,0,0,0,0,0,0,0,0,0,0,0,5
HindustansoftTech Software Pvt Ltd,0,0,0,0,0,0,0,0,0,0,0,0,5
V Solutions,0,1,1,1,0,0,1,0,0,0,1,0,2
Zoetic Software Inc,0,0,0,1,0,0,0,0,0,0,1,0,5
Walence Consulting,0,1,1,1,0,0,0,0,0,0,1,0,3
Skoruz Tech0logies Pvt.Ltd,0,1,1,1,1,0,1,0,0,0,1,0,2
PIEVIEW TECH0LOGIES,0,1,1,1,0,0,1,0,0,0,1,0,2
4SPL Tech0logies India Private Ltd,0,1,1,1,0,0,1,0,0,0,1,0,2
Accent-e-Tech0logy,0,0,0,1,0,0,0,0,0,0,1,0,5
Accentric Global,0,0,0,0,0,0,0,0,0,0,0,0,5
Adroit Solutions,0,0,0,1,0,0,0,0,0,0,1,0,5
Afxisi Tech0logy Services P Ltd (Diginet Tech0logies),0,0,0,1,0,0,0,0,0,0,1,0,5
AigleSoft,0,0,0,1,0,0,0,0,0,0,1,0,5
Algorithm Computers,0,0,0,0,0,0,0,0,0,0,0,0,5
Altra Systems,0,1,1,1,0,0,0,0,0,0,1,0,3
Amked Tech0logies,0,0,0,1,0,0,0,0,0,0,0,0,5
Ample Tech0logies,0,1,1,1,1,0,1,0,0,0,1,0,1
Anchor IT Solutions,0,0,0,0,0,0,0,0,0,0,0,0,5
Aniga Tech0logies,0,0,0,0,0,0,0,0,0,0,0,0,5
Answer Think Solutions,0,1,1,1,1,0,1,0,0,0,1,0,1
Answerland IT Univ,0,0,0,0,0,0,0,0,0,0,0,0,5
Aspentech Global Solutions,0,1,1,1,1,0,1,0,0,0,1,0,1
Atlantics Solutions Private Limited,0,0,0,0,0,0,0,0,0,0,0,0,1
AV Systems,0,0,0,0,0,0,0,0,0,0,0,0,1
Axial Software Solutions,0,1,1,1,0,0,0,0,0,0,0,0,4
Axiom Tech Solutions,0,0,0,0,0,0,0,0,0,0,0,0,5
Axis Systems Pvt. Ltd,0,0,0,0,0,0,0,0,0,0,0,0,5
B2 Software,0,0,0,0,0,0,0,0,0,0,0,0,5
Basil Solutions,0,0,0,0,0,0,0,0,0,0,0,0,5
Bein Soft Tech0logies Pvt Ltd,0,0,0,0,0,0,0,0,0,0,0,0,5
Binary Infotech Pvt. Ltd,0,0,0,0,0,0,0,0,0,0,0,0,5
Business 1 Consulting,0,0,1,1,0,0,1,0,0,0,1,0,3
C – Wave Tech0logies,0,0,1,1,0,0,1,0,0,0,1,0,3
Candor Tech0logies,0,0,1,1,0,0,1,0,0,0,1,0,3
Cavinsys Tech0logies Pvt Ltd,0,0,1,1,0,0,1,0,0,0,1,0,3
Centen Information Systems,0,0,1,1,0,0,1,0,0,0,1,0,3
Centric Software Tech0logy,0,0,1,1,0,0,1,0,0,0,1,0,3
Charli Solutions (P) Limited,0,0,1,1,0,0,1,0,0,0,1,0,3
Cherubs Software Solutions,0,0,1,1,0,0,1,0,0,0,1,0,3
CK Tech0logies,0,0,1,1,0,0,1,0,0,0,1,0,3
Clara Tech0logies,0,0,1,1,0,0,1,0,0,0,1,0,3
Complete Object Solutions,0,0,1,1,0,0,1,0,0,0,1,0,3
Convex Tech0logies,0,0,1,1,0,0,1,0,0,0,1,0,3
Copious IT Services,0,0,1,1,0,0,1,0,0,0,1,0,3
Coreshell Tech0logies,0,0,1,1,0,0,1,0,0,0,1,0,3
CRC Software Solutions,0,0,1,1,0,0,0,0,0,0,1,0,4
Crest,0,0,1,1,0,0,1,0,0,0,0,0,4
Croma Soft,0,0,1,1,0,0,0,0,0,0,0,0,5
Cross Road Logistics Pvt Ltd,0,0,1,0,1,0,0,0,0,0,1,0,4
CS Informatics,0,0,1,1,0,0,0,0,0,0,0,0,5
Cubic System,0,0,1,0,0,0,0,0,0,0,0,0,5
Cygate Software and Consulting,0,0,1,1,0,0,0,0,0,0,0,0,5
Cy0soft,0,0,1,1,0,0,0,0,0,0,0,0,5
D2VInfo Soft Private Limited,0,0,1,1,0,0,0,0,0,0,1,0,3
Dallinsoft India Pvt Ltd,0,0,1,0,0,0,0,0,0,0,0,0,5
Data comp services Alchemy solutions,0,0,1,0,0,0,0,0,0,0,0,0,5
Data Core Systems,0,0,1,1,0,0,0,0,0,0,0,0,5
Davin Tech0logies Private Limited,0,0,1,1,0,0,1,0,0,0,0,0,4
Delight Information Tech0logies,0,0,1,1,0,0,0,0,0,0,1,0,3
Denis Soft Tech0logies,0,0,1,1,0,0,1,0,0,0,1,0,3
Dexter Matrix,0,0,1,1,0,0,1,0,0,0,1,0,3
DG Microsys Consultancy Services,0,0,1,1,0,0,1,0,0,0,1,0,3
Diac Spaa Tech0logies,0,0,1,1,0,0,1,0,0,0,1,0,3
Dream Soft Solutation,0,0,1,1,0,0,1,0,0,0,1,0,3
Dreamware Infotech,0,0,1,1,0,0,1,0,0,0,1,0,3
Dyamica India Private Limited,0,0,1,1,0,0,1,0,0,0,1,0,3
E2E Infoware,0,0,1,1,0,0,1,0,0,0,1,0,3
Edge IT Services Pvt Ltd,0,0,1,1,0,0,1,0,0,0,1,0,3
Eicon Tech0logies,0,0,1,1,0,0,1,0,0,0,1,0,3
Eigen Values Tech0logies (P)Ltd,0,0,1,1,0,0,1,0,0,0,1,0,3
Eiko Infotech Private Limited,0,0,1,1,0,0,1,0,0,0,1,0,3
Elbrus Global,0,0,1,1,0,0,1,0,0,0,1,0,3
Embedded Galaxy,0,0,1,1,0,0,1,0,0,0,0,0,4
Emporis Tech0logies,0,0,1,1,1,0,1,0,0,0,1,0,2
E-Net Systems India P.Ltd,0,0,1,1,1,0,1,0,0,0,1,0,2
E0pia Solutions,0,0,1,1,0,0,0,0,0,0,1,0,3
eQwest Software Solutions,0,0,1,1,1,0,1,0,0,0,1,0,2
ERP Business Solutions,0,0,1,1,0,0,0,0,0,0,1,0,3
ERP Solutions Asia,0,0,1,1,0,0,1,0,0,0,1,0,3
Esec Tech0logy Solutions,0,0,1,1,0,0,1,0,0,0,1,0,3
Esoft Factory,0,0,1,1,0,0,1,0,0,0,1,0,3
ESoftex Solutions,0,0,1,1,0,0,1,0,0,0,1,0,3
E-Velociti Software Solutions,0,0,1,1,0,0,0,0,0,0,1,0,3
Exert Infotech,0,0,1,1,0,0,1,0,0,0,1,0,3
Express Estates Advertising,0,0,1,1,0,0,1,0,0,0,1,0,3
Eyeris IT Software Solutions,0,0,1,1,0,0,1,0,0,0,1,0,3
First Media India Pvt Ltd,0,0,1,1,0,0,1,0,0,0,1,0,3
Flash Infotech Pvt Ltd,0,0,1,1,1,0,1,0,0,0,1,0,3
Flexicon Tech0logies,0,0,1,1,1,0,1,0,0,0,1,0,3
Four Way Commitment Services,0,0,1,1,0,0,0,0,0,0,1,0,3
Frolics Information Tech0logies,0,0,1,1,1,0,1,0,0,0,1,0,3
Beacon Software Tech0logies,0,0,1,0,1,0,1,0,0,0,1,0,3
Future Infotech,0,0,1,1,1,0,1,0,0,0,1,0,3
Future Point Tech0logies,0,0,1,0,1,0,1,0,0,0,1,0,3
Global Care Solutions,0,0,1,0,1,0,1,0,0,0,1,0,3
Global Tech Solutions,0,0,1,1,1,0,1,0,0,0,1,0,3
Globus System,0,0,1,0,1,0,1,0,0,0,1,0,3
Grab Tech0logies,0,0,1,0,1,0,0,0,0,0,1,0,4
GSN Tech0logies,0,0,1,1,1,0,1,0,0,0,1,0,2
Helios In0vations,0,0,1,1,0,0,0,0,0,0,1,0,3
Helix Tech0logies,0,0,1,1,1,0,1,0,0,0,1,0,2
High Tech Lead,0,0,1,1,0,0,0,0,0,0,1,0,3
Hindustan Software Pvt Ltd,0,1,1,1,1,0,1,0,1,0,1,1,1
I – Litera Tech0logies,0,0,1,1,0,0,1,0,1,0,1,0,3
I Global Infotech,0,0,1,1,0,0,1,0,0,0,1,0,3
i Tech manage Pvt. Ltd,0,1,1,1,1,0,1,0,0,0,1,0,1
IES Consulting,0,0,1,1,0,0,1,0,0,0,1,0,3
Incore Tech0logy Pvt Ltd,0,0,1,1,1,0,1,0,0,0,1,0,2
Influx Soft Solutions,0,1,1,1,1,0,1,0,1,0,1,1,1
Info Labs,0,0,1,1,1,0,1,0,0,0,1,0,2
Infonite Software Solutions,0,0,1,1,0,0,1,0,0,0,1,0,3
Infoserv india,0,0,1,1,0,0,1,0,0,0,1,0,3
In0vative Search Consultancy Services,0,0,1,1,0,0,1,0,0,0,1,0,3
In0vators India Digital Tech (P) Ltd,0,0,1,1,0,0,1,0,0,0,1,0,3
Instance Software Solutions,0,0,1,1,0,0,1,0,0,0,1,0,3
Insyssoft Tech0logies,0,0,1,1,0,0,1,0,0,0,1,0,3
IPromax Tech0logies,0,0,1,1,0,0,1,0,0,0,1,0,3
I-Square In0vations,0,0,1,1,0,0,1,0,0,0,1,0,3
IT Esteem Solutions,0,0,1,1,0,0,1,0,0,0,1,0,3
IT Thoughts Consulting Pvt Ltd,0,0,1,1,0,0,1,0,0,0,1,0,3
iTest Soft.,0,0,1,1,0,0,1,0,0,0,1,0,3
ITRT Solutions Private Limited,0,0,1,1,0,0,1,0,0,0,1,0,3
Jplan Infotech Pvt. Ltd,0,0,1,1,0,0,1,0,0,0,1,0,3
K2 Software Tech0logies Limited,0,0,1,1,0,0,1,0,0,0,1,0,3
K2 Systems Limited,0,0,1,1,0,0,1,0,0,0,1,0,3
Kadari Tech0logies,0,0,1,1,0,0,1,0,0,0,1,0,3
Krestsoft Tech0logies,0,0,1,1,0,0,1,0,0,0,1,0,3
Kreya Infosys,0,0,1,1,0,0,1,0,0,0,1,0,3
KS Software Tech0logy,0,0,1,1,0,0,1,0,0,0,1,0,3
Kumars Infotech,0,0,1,1,0,0,1,0,0,0,1,0,3
K-Van Solutions Pvt Ltd,0,0,1,1,0,0,1,0,0,0,1,0,3
Leo Info Tech Pvt.Ltd,0,1,1,1,0,1,1,0,1,0,1,1,1
Logind Tech0logies,0,1,1,1,0,1,1,0,0,1,1,1,1
Lotus-Pink Capital Services Pvt Ltd,0,1,1,1,0,1,1,0,0,1,1,1,1
M/S Axil Informatics Pvt Ltd,0,0,1,1,0,0,0,0,0,0,1,0,3
M/s Ceacon Informatics,0,0,1,1,0,0,0,0,0,0,1,0,3
M/s Core Labs Bangalore,0,0,1,0,0,0,0,0,0,0,1,0,5
M/S Cusat Systems,0,0,1,1,0,0,0,0,0,0,1,0,3
M/s Global I Max Tech0logies / M/s Flash Info Tech Pvt Ltd / Mindsoft India Pvt Ltd. / gMindsoft India Pvt Ltd,0,0,0,0,0,0,0,0,0,0,0,0,5
M/s Sinertel Solutions / M/s Ram Soft Solutions / M/s Saptree Tech0logy Consultancy,0,0,0,0,0,0,0,0,0,0,0,0,5
M/S Software Tech0logy Solutions,0,1,1,1,0,0,0,0,0,0,1,0,3
M/s Yare Tech0logies pvt Ltd.,0,0,1,0,0,0,0,0,0,0,1,0,5
M/s. Avestaa Solutions Pvt. Ltd,0,1,1,1,0,1,1,0,1,0,1,1,1
M/s. Ci0va Software Solutions,0,0,1,1,0,0,0,0,0,0,1,0,3
M/s. Deltacore Infotech,0,0,1,1,0,0,1,0,0,0,1,0,3
M/s. Diginet Software Consultancy Services / M/s. Diginet Software Communications Ltd,0,0,1,1,0,0,1,0,0,0,1,0,3
M/s. Jasper IT Solutions / Omega Software Solutions / Ms. Softpearl.com / Ze0 Tech,0,0,1,1,0,0,1,0,0,0,0,0,4
M/s. McAdish Tech0logies,0,0,1,1,0,0,1,0,0,0,1,0,3
M/s. Skube Software Solutions,0,0,1,1,0,0,1,0,0,0,1,0,3
Maa – Yoke Tech0logies,0,0,1,1,0,0,1,0,0,0,1,0,3
Macrocon Tech0logies,0,0,1,1,0,0,1,0,0,0,1,0,3
Magazine Networks India Pvt Ltd,0,0,1,1,0,0,1,0,0,0,1,0,3
Mansoft Microsystem,0,0,1,1,0,0,1,0,0,0,1,0,3
MAO Tech0logies Pvt Ltd.,0,0,1,1,0,0,1,0,0,0,1,0,3
Marselviz Tech0logies,0,0,1,1,0,0,1,0,0,0,1,0,3
Mass Information Tech0logy,0,0,1,1,0,0,1,0,0,0,1,0,3
Master Mind InfoTech,0,0,1,1,0,0,1,0,0,0,1,0,3
Maythas Software solutions,0,0,1,1,0,0,1,0,0,0,1,0,3
Meotex Solutions,0,0,1,1,0,0,1,0,0,0,1,0,3
Merak Global Solutions,0,0,1,1,0,0,1,0,0,0,1,0,3
Merit Computers,0,0,1,1,0,0,0,0,0,0,1,0,3
Meta4Systems,0,0,1,0,0,0,0,0,0,0,1,0,5
Microbase Tech0logies,0,0,1,1,0,0,1,0,0,0,1,0,3
Microcon International Pvt Ltd,0,0,1,1,0,0,1,0,0,0,1,0,3
Milieu Solutions,0,0,1,1,0,0,0,0,0,0,1,0,3
Minmax Infosystems Pvt. Ltd,0,0,1,1,0,0,0,0,0,0,1,0,3
MK Multivision,0,0,1,1,0,0,1,0,0,0,1,0,3
Mosaic Tech0logies,0,0,1,1,0,0,1,0,0,0,1,0,3
Msquar Tech0logies,0,0,1,1,0,0,1,0,0,0,1,0,3
Naat Tech0logies/Naat Consulting Pvt Ltd,0,0,1,1,0,0,1,0,0,0,1,0,3
Nector Source,0,0,1,1,0,0,0,0,0,0,1,0,3
Needs(FSO Airtel) Shop,0,0,1,1,0,0,0,0,0,0,1,0,3
Nest,0,0,1,1,0,0,0,0,0,0,1,0,3
Netsoft Microsoft,0,0,1,1,0,0,1,0,0,0,1,0,3
Nipsys Private Limited,0,0,1,1,0,0,1,0,0,0,1,0,3
0ble Soft Solutions Private Limited,0,0,1,1,0,0,1,0,0,0,1,0,3
Nutech Software Solutions Pvt Ltd,0,0,1,1,0,0,1,0,0,0,1,0,3
NXXIT Tech0logies,0,0,1,1,0,0,1,0,0,0,1,0,3
Nyku Systems,0,0,1,1,0,0,1,0,0,0,1,0,3
Octrant Tech0logies,0,0,1,1,0,0,1,0,0,0,1,0,3
Ocxium Tech0logies (IVector Tech),0,0,1,1,0,0,1,0,0,0,1,0,3
Opengates Bpo Services Pvt,0,0,1,1,0,0,0,0,0,0,1,0,3
Opensols Infottech Pvt Ltd,0,0,1,1,0,0,1,0,0,0,1,0,3
Orange Tech0logies,0,0,1,1,0,0,1,0,0,0,1,0,3
Ozone Tech0logies,0,0,1,1,0,0,1,0,0,0,1,0,3
Perchsoft Tech0logies,0,0,1,1,0,0,0,0,0,0,1,0,3
Petranics solutions Pvt Ltd,0,0,1,1,0,0,1,0,1,0,1,1,1
Poineer IT,0,0,1,1,0,0,1,0,0,0,1,0,3
Power Alpha Consulting / AB Solutions,0,0,1,1,0,0,1,0,0,0,1,0,3
Praxire Solutions,0,0,1,1,0,0,1,0,0,0,1,0,3
PrimeNet Tech0logies,0,0,1,1,0,0,1,0,0,0,1,0,3
Professional Softech,0,0,1,1,0,0,1,0,0,0,1,0,3
Prosix Softron Pvt. Ltd,0,0,1,1,0,0,1,0,0,0,1,0,3
Protonix Solutions,0,0,1,1,0,0,1,0,0,0,1,0,3
Proxis Business Solution / Neotecra...,0,0,1,1,0,0,1,0,0,0,1,0,3
Q-sol Tech0logies,0,0,1,1,0,0,1,0,0,0,1,0,3
Qualiband Tech0logies,0,0,1,1,0,0,1,0,0,0,1,0,3
Quesoft Solutions,0,0,1,1,0,0,1,0,0,0,1,0,3
Raj Systems,0,0,1,1,0,0,1,0,0,0,1,0,3
R.K.Computers,0,0,1,1,0,0,1,0,0,0,1,0,3
Ramstun Tech0logies Private Limit,0,0,1,1,0,0,1,0,0,0,1,0,3
Recon Software Solutions,0,0,1,1,0,0,1,0,0,0,1,0,3
Rehoboth S/W Tech0logy,0,0,1,1,0,0,1,0,0,0,0,0,3
Reox Soft Pvt Ltd,0,0,1,1,0,0,1,0,0,0,1,0,3
Rex Sui Servcies Private Limited,0,0,1,1,0,0,1,0,0,0,0,0,3
Saguna Soft Tech0logies Private Limited,0,0,1,1,0,0,1,0,0,0,0,0,3
Salegen Outsourcing Services,0,0,1,0,0,0,1,0,0,0,0,0,3
Sansen Tech0logies Inc,0,0,1,1,0,0,1,0,0,0,0,0,3
Scalar Info / Scalar Info Solutions,0,0,1,1,0,0,1,0,0,0,0,0,3
Seer Global Tech0 Solutions,0,0,1,1,0,0,1,0,0,0,1,0,3
Seismic Tech0logies,0,0,1,1,0,0,1,0,0,0,0,0,3
Semantic Solutions (India) Pvt Ltd,0,0,1,1,0,0,1,0,0,0,0,0,3
Servcustomer Tech0logies,0,0,1,1,0,0,1,0,0,0,0,0,3
Shams Software Solutions,0,0,1,1,0,0,1,0,0,0,0,0,3
Sheeba Computers,0,0,1,0,0,0,1,0,0,0,0,0,3
Shrushti Infoserve Engineering Pvt Ltd,0,1,1,0,0,1,1,0,1,0,1,1,3
Signior Infotech Solutions Private Limited,0,1,1,1,1,0,1,1,0,0,1,0,3
Simple Solution,0,0,1,0,0,0,0,0,0,0,1,0,3
Sinergee Software Service,0,0,1,1,0,0,0,0,0,0,1,0,3
Soft Art Consulting,0,0,1,1,0,1,1,0,1,0,1,0,3
Soft Link Solutions,0,0,1,1,0,0,0,0,0,0,1,0,3
Softeam Solutions,0,1,1,1,0,1,1,1,0,0,1,1,3
Softech Global Solution,0,0,1,0,0,0,0,0,0,0,1,0,4
Softpro Software Professionals Private Ltd,0,0,1,0,0,0,0,0,0,0,1,0,3
Sonus Software Solutions,0,0,1,1,0,0,0,0,0,0,1,0,4
Spatial Tech0logy Services,0,0,1,1,0,0,0,0,0,0,1,0,4
Sprint Tech0logies,0,0,1,1,0,0,0,0,0,0,1,0,5
Standard Life Sciences,0,0,1,0,0,0,0,0,0,0,1,0,3
Stream Systems,0,0,1,1,0,0,0,0,0,0,1,0,3
Sumo Soft Private Limited,0,0,1,0,0,0,0,0,0,0,0,0,3
Sunshine Tech0logy,0,0,1,1,0,0,1,0,0,0,1,0,4
Swiistech Solutions,0,0,1,1,0,0,0,0,0,0,1,0,4
Symphany services,0,0,1,1,0,0,1,0,0,0,1,0,4
Syntyce Solutions,0,0,1,0,0,0,0,0,0,0,1,0,4
Sysame Solutions Private Limited,0,0,1,1,0,0,0,0,0,0,1,0,5
Sysaries Consulting,0,0,1,0,0,0,1,0,0,0,1,0,1
Systel Infos,0,0,1,1,0,0,1,0,0,0,1,0,1
SystralTech0logies,0,0,1,0,0,0,1,0,0,0,1,0,5
Sysworks Infotech – Covenant IT Solutions,0,0,1,1,0,0,1,0,0,0,1,0,3
Tangent Infotech Pvt Ltd,0,0,1,1,0,0,0,0,0,0,1,0,1
Tangent IT Solutions,0,0,1,0,0,0,0,0,0,0,1,0,3
Tangent Soft / Vidatha Infotech,0,0,1,0,0,0,0,0,0,0,1,0,1
Target Customer Care,0,0,1,1,0,0,1,0,0,,,,5
Tech Biz Soft Pvt Ltd,0,1,1,1,1,0,1,1,1,0,1,0,5
Tech Pro Infotech,0,0,1,1,0,0,0,0,0,0,1,0,3
Tech Rayan,0,0,1,1,0,0,0,0,0,0,1,0,3
Tech Recipe,0,0,1,1,0,0,0,0,0,0,1,0,3
Tech Trends,0,1,1,1,1,0,1,0,0,0,1,0,1
Tech Wave Info Solutions,0,0,1,1,0,0,0,0,0,0,1,0,3
Tech0 Spine Solutions,0,0,1,1,0,0,0,0,0,0,1,0,3
Teck0 Net Solutions,0,0,1,0,0,0,0,0,0,0,1,0,5
Tengent Soft,0,0,0,0,0,0,0,0,0,0,0,0,5
Textron IT Services,0,0,1,0,0,0,0,0,0,0,1,0,5
Transcend Tech0logy Orbit,0,0,1,0,0,0,0,0,0,0,1,0,5
Trikia Pharma,0,0,1,1,0,0,0,0,0,0,1,0,3
Tritech Solutions Pvt Ltd,0,0,1,1,0,0,0,0,0,0,1,0,3
Trivensys Global Services,0,0,1,0,0,0,0,0,0,0,,,5
Tryocen / Tryocen Software Pvt Ltd,0,0,1,1,1,0,1,1,0,0,1,0,1
Unit Force tech0logies,0,0,1,1,0,0,0,0,0,0,0,0,5
Unit India Systems,0,0,1,1,0,0,0,0,0,0,0,0,5
UWIN Global Services,0,0,1,1,1,0,1,0,0,0,1,0,2
VB Design Automation Software Private Ltd,0,0,1,1,1,0,1,1,0,0,1,0,1
V5 Solutions,0,0,1,1,0,0,0,0,0,0,0,0,5
Vallika Tech0logies,0,0,1,1,0,0,0,0,0,0,0,0,5
VC eCall Solutions,0,0,1,1,0,0,0,0,0,0,0,0,5
Vebtel Infoway,0,0,1,1,0,0,1,0,0,0,0,0,4
Vee Serve Smart Service,0,0,1,1,0,0,0,0,0,0,0,0,5
Verbatim,0,0,1,1,1,0,1,1,0,0,1,0,1
Vertual Tech0logies,0,0,1,1,0,0,0,0,0,0,0,0,5
Vgnana Tech0logies,0,0,1,1,0,0,1,0,0,0,1,0,1
Vidatha Info Tech,0,0,1,1,0,0,1,1,0,0,1,0,1
View Software Tech0logies,0,0,1,1,0,0,0,0,0,0,0,0,5
Liveops,1,1,1,1,1,1,1,0,1,0,1,1,0
Working Solutions,1,1,1,1,1,1,1,1,1,0,1,1,0
TTEC,1,1,1,1,1,1,1,1,1,0,1,1,0
CVS Health*,1,1,1,1,1,1,1,1,1,0,1,1,0
Kelly*,1,1,1,1,1,1,1,1,1,0,1,1,0
Williams-So0ma,1,1,1,1,1,1,1,1,1,0,1,1,0
Sutherland,1,1,1,1,1,1,1,1,1,0,1,1,0
Robert Half International,1,1,1,1,1,1,1,1,1,0,1,1,0
TranscribeMe,1,1,1,1,0,0,1,0,1,0,1,0,0
Transcom,1,1,1,1,1,1,1,1,1,0,1,1,0
BCD Travel,1,1,1,1,1,1,1,1,1,0,1,1,0
UnitedHealth Group*,1,1,1,1,1,1,1,1,1,0,1,1,0
BELAY,1,1,1,1,1,1,1,0,1,0,1,1,0
Cactus Communications,1,1,1,1,0,0,1,0,1,0,1,0,0
Kforce,1,1,1,1,1,1,1,1,1,0,1,1,0
LHH – Lee Hecht Harrison,1,1,1,1,1,1,1,1,1,0,1,1,0
Activus Connect,1,0,1,1,0,0,0,0,0,0,1,0,0
AnywhereWorks,1,1,1,1,0,0,0,0,0,0,1,1,0
Randstad,1,1,1,1,1,1,1,1,1,0,1,1,0
Thermo Fisher Scientific,1,1,1,1,1,1,1,1,1,0,1,1,0
Twilio,1,1,1,1,1,1,1,1,1,0,1,1,0
Ansafone Contact Centers,1,1,1,1,0,0,0,0,0,0,1,1,0
Direct Interactions,1,1,1,1,0,0,0,0,0,0,1,0,0
Aston Carter,1,1,1,1,1,1,1,1,1,0,1,1,0
Alight Solutions,1,1,1,1,1,1,1,1,1,0,1,1,0
Lincoln Financial Group,1,1,1,1,1,1,1,1,1,0,1,1,0
HubSpot,1,1,1,1,1,1,1,1,1,0,1,1,0
GitHub,1,1,1,1,1,1,1,1,1,0,1,1,0
BairesDev,1,1,1,1,1,1,1,1,1,0,1,1,0
CWT Global,1,1,1,1,1,1,1,1,1,0,1,1,0
Citizens Bank,1,1,1,1,1,1,1,1,1,0,1,1,0
Pearson,1,1,1,1,1,1,1,1,1,0,1,1,0
Creative Financial Staffing – CFS,1,1,1,1,1,1,1,1,1,0,1,1,0
ICON plc,1,1,1,1,1,1,1,1,1,0,1,1,0
Aquent,1,1,1,1,1,1,1,1,1,0,1,1,0
NTT DATA,1,1,1,1,1,1,1,1,1,0,1,1,0
American Red Cross,1,1,1,1,1,1,1,1,1,1,1,1,0
Elevance Health*,1,0,1,1,1,1,1,1,1,0,1,0,0
ModSquad,1,1,1,1,1,1,1,1,1,0,1,1,0
New York Life,1,1,1,1,1,1,1,1,1,0,1,1,0
SAP*,1,1,1,1,1,1,1,1,1,0,1,1,0
Evolve,1,1,1,1,1,1,1,1,1,0,1,1,0
DoorDash,1,1,1,1,1,1,1,1,1,0,1,1,0
Supporting Strategies,1,1,1,1,1,1,1,1,1,0,1,1,0
"Stride, Inc.*",1,1,1,1,1,1,1,1,1,0,1,1,0
"Toast, Inc.",1,1,1,1,1,1,1,1,1,0,1,1,0
DocuSign,1,1,1,1,1,1,1,1,1,0,1,1,0
Parexel*,1,1,1,1,1,0,1,1,1,0,1,0,0
Beacon Hill Staffing Group,1,1,1,1,1,0,1,1,0,0,1,1,0
Vista,1,1,1,1,1,1,1,1,1,0,1,1,0
Literably,1,0,1,1,0,0,1,0,1,0,1,0,0
Verizon,1,1,1,1,1,0,1,1,1,0,1,1,0
Affirm,1,1,1,1,1,1,1,1,1,0,1,1,0
Change Healthcare,1,1,1,1,1,1,1,1,1,0,1,0,0
Meta Platforms,1,1,1,1,1,1,1,1,1,0,1,1,0
U.S. Bank,1,1,1,1,1,1,1,1,1,0,1,1,0
Western Gover0rs University – WGU,1,1,1,1,1,1,1,1,1,0,1,1,0
Amazon,1,1,1,1,1,1,1,1,1,0,1,1,0
ICF,1,1,1,1,1,1,1,1,1,0,1,1,0
Elastic,1,1,1,1,1,1,1,1,1,0,1,1,0
Boldly,1,1,1,1,0,0,1,0,1,0,,,0
eXp Realty,1,1,1,1,0,1,1,0,1,0,1,1,0
Reddit,1,1,1,1,0,1,1,0,1,0,1,1,0
Airbnb,1,1,1,1,0,1,1,0,1,0,1,1,0
Andela,1,1,1,1,0,1,1,0,1,0,1,1,0
Grand Canyon Education – GCE,1,1,1,1,1,1,1,0,1,0,1,1,0
Progressive,1,1,1,1,1,1,1,1,1,0,1,1,0
Humana,1,1,1,1,1,1,1,1,1,0,1,1,0
Travel Nurse Across America – TNAA,1,1,1,1,1,1,1,1,1,0,1,1,0
Solomon Page,1,1,1,1,1,1,1,1,1,0,1,1,0
TELUS International,1,1,1,1,1,1,1,1,1,0,1,1,0
PNC,1,1,1,1,1,1,1,1,1,0,1,1,0
Kraken,1,1,1,1,0,1,1,0,1,0,1,1,0
Allstate,1,1,1,1,1,1,1,1,1,0,1,1,0
Liberty Mutual,1,1,1,1,1,1,1,1,1,0,1,1,0
Mozilla,1,1,1,1,1,1,1,1,1,0,1,1,0
Amplify Education,1,1,1,1,1,1,1,1,1,0,1,1,0
American Cancer Society,1,1,1,1,1,1,1,1,1,0,,,0
Angi,1,1,1,1,1,1,1,1,1,0,1,1,0
The Hartford,1,1,1,1,1,1,1,1,1,0,1,1,0
Invitae,1,1,1,1,1,1,1,1,1,0,1,1,0
American Heart Association,1,1,1,1,1,1,1,1,1,0,1,1,0
Achieve Test Prep,1,1,1,1,1,1,1,1,1,0,1,1,0
Kaplan,1,1,1,1,1,1,1,1,1,0,1,1,0
ADTRAV Travel Management,1,1,1,1,1,1,1,1,1,0,1,1,0
Akraya,1,1,1,1,1,1,1,1,1,0,1,1,0
iMPact Business Group,1,1,1,1,1,1,1,1,1,0,1,1,0
Datavant,1,1,1,1,1,1,1,1,1,0,1,1,0
FlexProfessionals,1,1,1,1,0,1,1,1,1,0,1,1,0
GovCIO,1,1,1,1,1,1,1,1,1,0,1,1,0
Planet Professional,1,1,1,1,1,1,1,1,1,0,1,1,0
ConsenSys,1,1,1,1,1,1,1,1,1,0,1,,0
ConsenSys,1,1,1,1,1,1,1,0,1,0,1,1,0
FHI 360,1,1,1,1,1,0,1,0,1,0,1,1,0
Lumen Tech0logies,1,1,1,1,1,1,1,1,1,0,1,1,0
Lyft,1,1,1,1,1,0,1,0,1,0,1,1,0
Vituity,1,1,1,1,1,0,1,0,1,0,1,1,0
Pantheon,1,1,1,1,1,0,1,0,1,0,1,1,0
Gusto,1,1,1,1,1,1,1,0,1,0,1,1,0
Da0ne,1,1,1,1,1,1,1,0,1,0,1,1,0
Amazon,1,1,1,1,1,1,1,1,1,0,1,1,0
Google,1,1,1,1,1,1,1,1,1,0,1,1,0
LinkedIn,1,1,1,1,1,1,1,1,1,0,1,1,0
Microsoft,1,1,1,1,1,1,1,1,1,0,1,1,0
Unilever,1,1,1,1,1,1,1,0,1,0,1,1,0
IBM,1,1,1,1,1,1,1,1,1,0,1,1,0
Tata Consultancy Services,1,1,1,1,1,1,1,1,1,0,1,1,0
Accenture,1,1,1,1,1,1,1,1,1,0,1,1,0
Meta,1,1,1,1,1,1,1,1,1,0,1,1,0
Oracle,1,1,1,1,1,1,1,1,1,0,1,1,0
Johnson & Johnson,1,1,1,1,1,1,1,1,1,0,1,1,0
EY,1,1,1,1,1,1,1,1,1,0,1,1,0
PepsiCo,1,1,1,1,1,1,1,1,1,0,1,1,0
Infosys,1,1,1,1,1,1,1,1,1,0,1,1,0
Wipro,1,1,1,1,1,1,1,1,1,0,1,1,0
Shell,1,1,1,1,1,1,1,1,1,0,1,1,0
Adecco,1,1,1,1,1,1,1,1,1,0,1,1,0
Cognizant,1,1,1,1,1,1,1,1,1,0,1,1,0
Fresher Jobs,1,1,1,1,1,1,1,1,1,0,1,1,0
Capgemini,1,1,1,1,1,1,1,1,1,0,1,1,0
LinkedIn News India,1,1,1,1,1,1,1,1,1,0,1,1,0
Pfizer,1,1,1,1,1,1,1,1,,,,,0
GE,1,1,1,1,1,1,1,1,1,0,1,1,0
Bayer,1,1,1,1,1,1,1,1,1,0,1,1,0
HCLTech,1,1,1,1,1,1,1,1,1,0,1,1,0
Tech Mahindra,1,1,1,1,1,1,1,1,1,0,1,1,0
Samsung Electronics,1,1,1,1,1,1,1,1,1,0,1,1,0
Citi,1,1,1,1,1,1,1,1,1,0,1,1,0
JPMorgan Chase & Co.,1,1,1,1,1,1,1,1,1,0,1,1,0
J.P. Morgan,1,1,1,1,1,1,1,1,1,0,1,1,0
Fresher Jobs,1,1,1,1,0,N/A,0,N/A,N/A,N/A,N/A,N/A,0
Boston Consulting Group (BCG),1,1,1,1,1,1,1,1,1,0,1,1,0
Tata Motors,1,1,1,1,1,1,1,1,1,0,1,1,0
Larsen & Toubro,1,1,1,1,1,1,1,1,1,0,1,1,0
L&T Tech0logy Services,1,1,1,1,1,1,1,1,1,0,1,1,0
Reliance Industries Limited,1,1,1,1,1,1,1,1,1,0,1,1,0
Flipkart,1,1,1,1,1,1,1,1,1,0,1,1,0
Michael Page,1,1,1,1,1,1,1,1,1,0,1,1,0
ICICI Bank,1,1,1,1,1,1,1,1,1,1,1,1,0
Roche,1,1,1,1,1,1,1,1,1,0,1,1,0
ExxonMobil,1,1,1,1,1,1,1,1,1,0,1,1,0
ITC Limited,1,1,1,1,1,1,1,1,1,0,1,1,0
The Eco0mic Times,1,1,1,1,1,1,1,1,1,0,1,1,0
Genpact,1,1,1,1,1,1,1,1,1,0,1,1,0
State Bank of India,1,1,1,1,1,1,1,1,1,1,1,1,0
Uber,1,1,1,1,1,1,1,1,1,1,1,1,0
Aditya Birla Group,1,1,1,1,1,1,1,1,1,0,1,1,0
Philips,1,1,1,1,1,1,1,1,1,0,1,1,0
Tata Group,1,1,1,1,1,1,1,1,1,0,1,1,0
Cargill,1,1,1,1,1,1,1,1,1,0,1,,0
Wells Fargo,1,1,1,1,1,1,1,1,1,0,1,1,0
CHANEL,1,1,1,1,1,1,1,1,0,1,1,1,0
Axis Bank,1,1,1,1,1,1,1,1,0,1,1,1,0
Colgate-Palmolive,1,1,1,1,1,1,1,1,0,0,1,1,0
Vodafone,1,1,1,1,1,1,1,1,1,1,1,1,0
BBC,1,1,1,1,1,1,1,1,1,1,1,1,0
LTI - Larsen & Toubro Infotech,1,1,1,1,1,1,1,1,1,1,1,1,0
HDFC Bank,1,1,1,1,1,1,1,1,0,1,1,1,0
Ericsson,1,1,1,1,1,1,1,1,1,1,1,1,0
American Express,1,1,1,1,1,1,1,1,1,1,1,1,0
VMware,1,1,1,1,1,1,1,1,1,1,1,1,0
BYJU'S,1,1,1,1,1,1,1,1,1,1,1,1,0
Atos,1,1,1,1,1,1,1,1,1,1,1,1,0
Target,1,1,1,1,1,1,1,1,1,1,1,1,0
JLL,1,1,1,1,1,1,1,1,1,1,1,1,0
Accenture in India,1,1,1,1,1,1,1,1,1,0,1,1,0
Thomson Reuters,1,1,1,1,1,1,1,1,1,0,1,1,0
Latest Job Updates,1,1,1,1,0,1,1,1,1,0,1,1,0
Twitter,1,1,1,1,1,1,1,1,1,0,1,1,0
Mindtree,1,1,1,1,1,1,1,1,1,0,1,1,0
Coursera,1,1,1,1,1,1,1,1,1,0,1,1,0
Tata Projects,1,1,1,1,1,1,1,1,1,0,1,1,0
KPMG India,1,1,1,1,1,1,1,1,1,0,1,1,0
Volvo Group,1,1,1,1,1,1,1,1,1,0,1,1,0
Career For Freshers,1,1,1,1,0,1,1,1,1,0,1,1,0
Gartner,1,1,1,1,1,1,1,1,1,0,1,1,0
Job Alert,1,1,1,1,0,1,1,1,1,0,1,1,0
Tata Steel,1,1,1,1,1,1,1,1,1,0,1,1,0
0vo 0rdisk,1,1,1,1,1,1,1,1,1,0,1,1,0
Myntra,1,1,1,1,1,1,1,1,1,,,,0
Continental,1,1,1,1,1,1,1,0,1,0,1,0,0
Swiggy,1,1,1,1,1,1,1,0,0,1,1,0,0
NVIDIA,1,1,1,1,1,1,1,0,1,0,1,1,0
Hiring Alert,1,0,N/A,N/A,N/A,N/A,N/A,N/A,N/A,N/A,N/A,N/A,0
Verizon,1,1,1,1,1,1,1,0,1,1,1,0,0
ADP,1,1,1,1,1,1,1,0,1,1,1,1,0
Credit Suisse,1,1,1,1,1,1,1,1,1,1,1,1,0
Korn Ferry,1,1,1,1,1,1,1,0,1,1,1,0,0
GeeksforGeeks,1,1,1,1,1,1,1,0,1,0,1,0,0
Adani Group,1,1,1,1,1,1,1,0,1,1,1,1,0
Hotel Jobs,1,1,1,1,1,1,1,1,0,0,1,1,0
HackerRank,1,1,1,1,1,1,1,0,1,0,1,1,0
PayPal,1,1,1,1,1,1,1,1,1,1,1,1,0
Qualcomm,1,1,1,1,1,1,1,0,1,1,1,1,0
Syngenta,1,1,1,1,1,1,1,1,1,1,1,0,0
Paytm,1,1,1,1,1,1,1,1,1,1,1,1,0
Dell EMC,1,1,1,1,1,1,1,1,1,0,1,1,0
Mastercard,1,1,1,1,1,1,1,1,1,0,1,1,0
John Deere,1,1,1,1,1,1,1,1,1,0,1,1,0
Bajaj Auto Ltd,1,1,1,1,1,0,1,1,1,0,1,0,0
Mahindra Group,1,1,1,1,1,1,1,1,1,0,1,1,0
Electronic Arts (EA),1,1,1,1,1,1,1,1,1,0,1,1,0
Hyundai Motor India Ltd.,1,1,1,1,1,1,1,1,1,0,1,1,0
Zomato,1,1,1,1,1,1,1,1,1,0,1,1,0
Apex Systems,1,1,1,1,1,1,1,1,1,0,1,1,0
Aon,1,1,1,1,1,1,1,1,1,0,1,1,0
Cipla,1,1,1,1,1,1,1,1,1,0,1,1,0
Internshala,1,1,1,1,1,1,1,1,1,0,1,1,0
GovtJobsAlert.In,1,1,1,1,0,0,1,1,0,1,1,0,0
CGI,1,1,1,1,1,1,1,1,1,0,1,1,0
Henkel,1,1,1,1,1,1,1,1,1,0,1,1,0
AbbVie,1,1,1,1,1,1,1,1,1,0,1,1,0
Luxoft,1,1,1,1,1,1,1,1,1,0,1,1,0
Ubisoft,1,1,1,1,1,1,1,1,1,0,1,1,0
Bill & Melinda Gates Foundation,1,1,1,1,1,1,1,1,1,0,1,1,0
AMD,1,1,1,1,1,1,1,1,1,0,1,1,0
Hitachi,1,1,1,1,1,1,1,1,1,0,1,1,0
IndusInd Bank,1,1,1,1,1,1,1,1,1,0,1,1,0
SUN PHARMA,1,1,1,1,1,1,1,1,1,0,1,1,0
OYO,1,1,1,1,1,1,1,1,1,0,1,1,0
Anglo American,1,1,1,1,1,1,1,1,1,0,1,1,0
TATA Power,1,1,1,1,1,1,1,1,1,0,1,1,0
TransPerfect,1,1,1,1,1,1,1,1,1,0,1,1,0
Zoho,1,1,1,1,1,1,1,1,1,0,1,1,0
Gi Group,1,1,1,1,1,1,1,1,1,0,1,1,0
PUMA Group,1,1,1,1,1,1,1,1,1,0,1,1,0
Airtel,1,1,1,1,1,1,1,1,1,0,1,1,0
Britannia Industries Limited,1,1,1,1,1,1,1,1,0,1,1,1,0
Tata Tech0logies,1,1,1,1,1,1,1,1,1,0,1,1,0
Ola,1,1,1,1,1,1,1,1,0,1,1,1,0
LG Electronics,1,1,1,1,1,1,1,1,1,0,1,1,0
Landmark Group,1,1,1,1,1,1,1,1,1,0,1,1,0
Job & Career Opportunities,1,1,1,1,1,1,1,1,0,1,1,1,0
Amdocs,1,1,1,1,1,1,1,1,1,0,1,1,0
Sony Music Entertainment,1,1,1,1,1,1,1,1,1,0,1,1,0
Hotel Jobs Worldwide,1,1,1,1,0,0,1,1,0,1,0,0,0
SABIC,1,1,1,1,1,1,1,1,1,0,1,1,0
ZF Group,1,1,1,1,1,1,1,1,1,0,1,1,0
IDFC FIRST Bank,1,1,1,1,1,1,1,1,1,0,1,1,0
Infosys BPM,1,1,1,1,1,1,1,1,1,1,1,1,0
Bajaj Finserv,1,1,1,1,1,1,1,1,1,1,1,1,0
Xerox,1,1,1,1,1,1,1,1,1,1,1,1,0
Atlassian,1,1,1,1,1,1,1,1,1,1,1,1,0
Virtusa,1,1,1,1,1,1,1,1,1,1,1,1,0
NES Fircroft,1,1,1,1,1,1,1,1,1,1,1,1,0
Siemens Healthineers,1,1,1,1,1,1,1,1,1,1,1,1,0
Le0vo,1,1,1,1,1,1,1,1,1,1,1,1,0
EPAM Systems,1,1,1,1,1,1,1,1,1,1,1,1,0
Dr. Reddy's Laboratories,1,1,1,1,1,1,1,1,1,1,1,1,0
Bosch Global Software Tech0logies,1,1,1,1,1,1,1,1,1,1,1,1,0
Dabur India Limited,1,1,1,1,1,1,1,1,1,1,1,1,0
Mechanical Engineering World,1,1,1,1,0,1,0,1,0,1,1,1,0
Gojek,1,1,1,1,1,1,1,1,1,1,1,1,0
Mercedes-Benz Research and Development India,1,1,1,1,1,1,1,0,1,0,1,1,0
Walmart Global Tech India,1,1,1,1,1,1,1,0,1,0,1,1,0
Fujitsu,1,1,1,1,1,1,1,1,1,0,1,1,0
UST,1,1,1,1,1,1,1,1,1,0,1,1,0
Hero MotoCorp,1,1,1,1,1,1,1,0,1,0,1,1,0
Persistent Systems,1,1,1,1,1,1,1,1,1,0,1,1,0
Kotak Mahindra Bank,1,1,1,1,1,1,1,1,1,0,1,1,0
1 BANK,1,1,1,1,1,1,1,1,1,0,1,1,0
Uplers,1,1,1,1,1,1,1,1,1,0,1,1,0
Hindustan Times,1,1,1,1,1,1,1,0,1,0,1,1,0
DBS Bank,1,1,1,1,1,1,1,1,1,0,1,1,0
Hexaware Tech0logies,1,1,1,1,1,1,1,1,1,0,1,1,0
Boston Scientific,1,1,1,1,1,1,1,0,1,0,1,1,0
Bosch India,1,1,1,1,1,1,1,0,1,0,1,1,0
WEG,1,1,1,1,1,1,1,0,1,0,1,1,0
Infor,1,1,1,1,1,0,1,1,1,1,1,1,0
All Active Jobs,1,1,1,1,1,0,1,1,1,1,1,1,0
Reliance Retail,1,1,1,1,1,0,1,1,1,1,1,1,0
Atkins,1,1,1,1,1,0,1,1,1,1,1,1,0
Arup,1,1,1,1,1,0,1,1,1,1,1,1,0
Work From Home / Internship & Freshers Jobs,1,1,1,1,0,0,0,1,0,1,1,0,0
Ashok Leyland,1,1,1,1,1,0,1,1,1,1,1,1,0
Fortinet,1,1,1,1,1,0,1,1,1,1,1,1,0
Disney+ Hotstar,1,1,1,1,1,0,1,1,1,1,1,1,0
Atlas Copco,1,1,1,1,1,0,1,1,1,1,1,1,0
DP World,1,1,1,1,1,0,1,1,1,1,1,1,0
Unacademy,1,1,1,1,1,0,1,1,1,1,1,1,0
Globant,1,1,1,1,1,0,1,1,1,1,1,1,0
TASC Outsourcing,1,1,1,1,1,0,1,1,1,1,1,1,0
EMPREGO,1,1,1,1,0,0,0,1,0,1,1,0,0
Nagarro,1,1,1,1,1,1,1,1,1,0,1,1,0
Mechanical Jobs and Career,1,0,0,0,0,0,0,0,0,0,0,0,0
Mercedes-Benz India Pvt. Ltd.,1,1,1,1,1,1,1,1,1,0,1,1,0
GlobalLogic,1,1,1,1,1,1,1,1,1,0,1,1,0
Grab,1,1,1,1,1,1,1,1,1,0,1,1,0
Texas Instruments,1,1,1,1,1,1,1,1,1,0,1,1,0
Meesho,1,1,1,1,1,1,1,1,1,0,1,1,0
Hotel Job Vacancy,1,0,0,0,0,0,0,0,0,0,0,0,0
Service0w,1,1,1,1,1,1,1,1,1,0,1,1,0
Kantar,1,1,1,1,1,1,1,1,1,0,1,1,0
Maruti Suzuki India Limited,1,1,1,1,1,1,1,1,1,0,1,1,0
Business Standard,1,1,1,1,1,1,1,1,1,0,1,1,0
ConstructionPlacements Official,1,1,1,1,1,1,1,1,1,0,1,1,0
YourStory Media,1,1,1,1,1,1,1,1,1,0,1,1,0
TVS Motor Company,1,1,1,1,1,1,1,1,1,0,1,,0
TVS Motor Company,1,1,1,1,1,1,1,0,0,0,1,1,0
Biocon,1,1,1,1,1,1,1,0,1,0,1,1,0
Delhivery,1,1,1,1,1,1,1,0,0,0,1,1,0
UpGrad,1,1,1,1,1,1,1,0,1,0,1,1,0
Tesco,1,1,1,1,1,1,1,1,0,0,1,0,0
WNS,1,1,1,1,1,1,1,0,0,0,1,1,0
NetApp,1,1,1,1,1,1,1,0,1,0,1,1,0
Volvo Cars,1,1,1,1,1,1,1,0,1,0,1,1,0
Mphasis,1,1,1,1,1,1,1,0,1,0,1,1,0
ASUS,1,1,1,1,1,1,1,0,1,0,1,1,0
UltraTech Cement,1,1,1,1,1,1,1,0,1,0,1,1,0
IFC - International Finance Corporation,1,1,1,1,1,1,1,0,1,0,1,0,0
Expedia Group,1,1,1,1,1,1,1,1,1,0,1,1,0
Shangri-La Group,1,1,1,1,1,1,1,0,1,0,1,1,0
PhonePe,1,1,1,1,1,1,1,0,1,0,1,1,0
US Tech Solutions,1,1,1,1,1,1,1,0,1,0,1,1,0
Glenmark Pharmaceuticals,1,1,1,1,1,1,1,1,1,0,1,0,0
BT Group,1,1,1,1,1,1,1,1,1,0,1,0,0
Pratt & Whitney,1,1,1,1,1,1,1,1,1,0,1,1,0
Taj Hotels,1,1,1,1,1,1,1,1,1,0,1,1,0
"Dubai Jobs, Gulf Jobs, Jobs in Dubai, Qatar, Kuwait",1,1,1,1,1,1,1,1,1,1,1,1,0
Boyen Haddin & The Giant HR Consultant,1,1,1,1,1,1,1,1,1,1,1,0,0
Orange Business,1,1,1,1,1,1,1,1,1,0,1,0,0
Hire Rightt - Executive Search,1,1,1,1,1,1,1,1,1,0,1,0,0
S0wflake,1,1,1,1,1,1,1,1,1,0,1,1,0
VMLY&R,1,1,1,1,1,1,1,1,1,0,1,0,0
Marico Limited,1,1,1,1,1,1,1,0,1,0,1,1,0
Mahindra and Mahindra Limited [Automotive and Farm Equip,1,1,1,1,1,1,1,1,1,0,1,1,0
Synechron,1,1,1,1,1,1,1,1,1,0,1,1,0
Agilent Tech0logies,1,1,1,1,1,1,1,1,1,0,1,1,0
HeadHonchos.com,1,0,1,1,1,1,1,1,1,0,1,1,0
Udaan.com,1,1,1,1,1,1,1,1,1,0,1,1,0
Mad Over Marketing (M.O.M),1,1,1,1,0,1,1,1,1,0,1,1,0
Elsevier,1,1,1,1,1,1,1,1,1,0,1,1,0
NXP Semiconductors,1,1,1,1,1,1,1,1,1,0,1,1,0
FIS,1,1,1,1,1,1,1,1,1,0,1,1,0
MongoDB,1,1,1,1,1,1,1,1,1,0,1,1,0
Rockstar Games,1,1,1,1,1,1,1,1,1,0,1,1,0
Zensar Tech0logies,1,1,1,1,1,1,1,1,1,0,1,1,0
Mott MacDonald,1,1,1,1,1,1,1,1,1,0,1,1,0
Tata Consulting Engineers Limited,1,1,1,1,1,1,1,1,1,0,1,1,0
JCB India Ltd.,1,1,1,1,1,1,1,1,1,0,1,1,0
Intuit,1,1,1,1,1,1,1,1,1,0,1,1,0
NatWest Group,1,1,1,1,1,1,1,1,1,0,1,1,0
Sutherland,1,1,1,1,1,1,1,1,1,0,1,1,0
Tata Capital,1,1,1,1,1,1,1,1,1,0,1,1,0
JavaScript,1,1,1,1,1,1,1,1,1,0,1,1,0
Vaco,1,1,1,1,1,1,1,1,1,0,1,1,0
ValueLabs,1,1,1,1,1,1,1,1,1,0,1,1,0
Fractal,1,1,1,1,1,1,1,1,1,0,1,1,0
Yara International,1,1,1,1,1,1,1,1,1,0,1,1,0
Fiserv,1,1,1,1,1,1,1,1,1,0,1,1,0
Thoughtworks,1,1,1,1,1,1,1,1,1,0,1,1,0
Cactus Communications,1,1,1,1,1,1,1,1,1,0,1,1,0
HuffPost,1,1,1,1,1,1,1,1,1,0,1,1,0
Tata Communications,1,1,1,1,1,1,1,1,1,0,1,1,0
Motivational Lines,1,1,1,1,0,0,1,1,1,0,1,,0
Razorpay,1,1,1,1,1,1,1,1,1,1,1,1,0
EPAM Anywhere,1,1,1,1,1,1,1,1,1,1,1,1,0
Traveloka,1,1,1,1,1,1,1,1,1,1,1,1,0
MakeMyTrip,1,1,1,1,1,1,1,1,1,1,1,1,0
Ola Electric,1,1,1,1,1,1,1,1,1,1,1,1,0
TE Connectivity,1,1,1,1,1,1,1,1,1,1,1,1,0
IDEMIA,1,1,1,1,1,1,1,1,1,1,1,1,0
Shapoorji Pallonji Group,1,1,1,1,1,1,1,1,1,1,1,1,0
BMW India,1,1,1,1,1,1,1,1,1,1,1,1,0
Micron Tech0logy,1,1,1,1,1,1,1,1,1,1,1,1,0
Morris Garages India,1,1,1,1,1,1,1,1,1,1,1,1,0
Erekrut... Recruitment Made Easy,1,0,0,1,1,0,0,0,0,1,1,0,0
DISYS,1,1,1,1,1,1,1,1,1,1,1,1,0
Daily Pharma Jobs,1,0,0,1,0,0,0,0,0,1,1,0,0
Aramex,1,1,1,1,1,1,1,1,1,1,,,0
Aramex,1,1,1,1,1,0,1,1,1,1,1,1,0
Center for Creative Leadership,1,1,1,1,1,0,1,1,0,1,1,1,0
Jindal Steel & Power Ltd.,1,1,1,1,1,0,1,1,1,0,1,1,0
NTT DATA Services,1,1,1,1,1,1,1,1,1,1,1,1,0
Job4freshers,1,1,1,1,1,0,1,1,1,1,1,1,0
SBM Offshore,1,1,1,1,1,0,1,1,1,0,1,1,0
Royal Enfield,1,1,1,1,1,0,1,1,1,0,1,1,0
State Street,1,1,1,1,1,0,1,1,1,1,1,1,0
Lupin,1,1,1,1,1,0,1,1,1,1,1,1,0
CodeChef,1,1,1,1,1,1,1,1,1,0,1,1,0
NDTV,1,1,1,1,1,1,1,1,1,1,1,1,0
Pharma Jobs (Pharma Wisdom Jobs),1,1,1,1,1,0,1,1,1,0,1,1,0
The Judge Group,1,1,1,1,1,1,1,1,1,0,1,1,0
Victoria's Secret,1,1,1,1,1,0,1,1,1,0,1,1,0
Bandhan Bank,1,1,1,1,1,1,1,1,0,1,1,1,0
Vedantu,1,1,1,1,1,1,1,1,1,1,1,1,0
Randstad India,1,1,1,1,1,1,1,1,1,1,1,1,0
CRISIL Limited,1,1,1,1,1,1,1,1,1,1,1,1,0
ITC Infotech,1,1,1,1,1,1,1,1,1,1,1,1,0
AFCONS Infrastructure Limited - A Shapoorji Pallonji Group,1,1,1,1,1,1,1,1,1,1,1,1,0
Godrej Consumer Products Limited,1,1,1,1,1,1,1,1,1,1,1,1,0
Recruiting Cell,1,1,1,1,1,1,1,1,1,1,1,1,0
Carlsberg Group,1,1,1,1,1,1,1,1,1,1,1,1,0
Amul (GCMMF),1,1,1,1,1,1,1,1,1,1,1,1,0
Wipro Digital Operations and Platforms,1,1,1,1,1,1,1,1,1,1,1,1,0
Morgan McKinley,1,1,1,1,1,1,1,1,1,1,1,1,0
Civil Engineer,1,1,1,1,1,1,1,1,1,1,1,1,0
Samarth Jobs Management Consultants,1,1,1,1,1,1,1,1,1,1,1,1,0
PRA Health Sciences,1,1,1,1,1,1,1,1,1,0,1,1,0
Gensler,1,1,1,1,1,1,1,1,1,0,1,1,0
IGT Solutions,1,1,1,1,1,1,1,1,1,0,1,1,0
AU SMALL FINANCE BANK,1,1,1,1,1,1,1,1,1,1,1,1,0
HackerEarth,1,1,1,1,1,1,1,1,1,0,1,1,0
LTIMindtree,1,1,1,1,1,1,1,1,1,0,1,1,0
Godrej Properties Limited,1,1,1,1,1,1,1,1,1,0,1,1,0
Godrej & Boyce Mfg. Co. Ltd.,1,1,1,1,1,1,1,1,1,0,1,1,0
GroupM,1,1,1,1,1,1,1,1,1,0,1,1,0
Pidilite Industries Limited,1,1,1,1,1,1,1,1,1,0,1,1,0
Freshers Jobs,1,1,1,1,0,N/A,1,1,1,0,1,1,0
The Hacker News,1,1,1,1,0,N/A,1,1,1,0,1,1,0
IndiGo (InterGlobe Aviation Ltd),1,1,1,1,1,1,1,1,1,0,1,1,0
Kearney,1,1,1,1,1,1,1,1,1,0,1,1,0
Databricks,1,1,1,1,1,1,1,1,1,0,1,1,0
ZS,1,1,0,1,1,0,1,0,1,0,1,1,0
Nykaa,1,1,0,0,1,0,1,0,0,0,1,1,0
Khatib & Alami,1,1,0,1,1,0,0,1,0,0,0,0,0
Thermax Limited,1,1,0,1,1,0,1,0,0,0,1,0,0
JSW Steel,1,1,0,0,1,0,0,1,0,0,1,0,0
Blinkit,1,1,0,0,0,0,1,0,0,0,0,0,0
Hospitality Careers,1,0,1,0,0,1,0,1,0,0,0,1,0
Gameloft,1,1,0,1,1,0,0,1,0,0,1,0,0
Ramboll,1,1,0,1,1,0,1,0,0,0,1,1,0
TCIExpress Ltd,1,1,0,1,1,0,1,0,0,0,1,0,0
NTT Ltd.,1,1,0,1,1,1,0,1,1,0,1,1,0
Nutanix,1,1,0,0,1,0,0,1,0,0,1,1,0
Russell Tobin,1,1,0,1,1,0,0,0,1,0,1,0,0
Coforge,1,1,0,1,1,1,0,1,1,,,,0
Toppr,1,1,0,0,1,0,1,0,0,0,0,1,0
Swiss Re,1,1,0,0,1,0,1,0,0,0,0,0,0
Ingram Micro,1,1,0,0,1,0,0,0,0,0,0,0,0
Force Motors Ltd,1,0,1,0,1,0,0,0,0,0,0,0,0
Asian Paints,1,1,0,0,1,0,0,1,0,0,0,1,0
Vistara - TATA SIA Airlines Ltd.,1,1,0,0,1,0,1,1,0,0,0,1,0
Havells India Ltd,1,1,0,0,1,0,0,0,0,0,0,0,0
Way2Fresher,1,0,0,1,0,0,1,0,0,1,0,0,0
RBL Bank,1,1,0,0,1,0,0,1,0,0,1,0,0
Work from Home Jobs,1,1,0,1,0,0,0,0,0,1,0,0,0
Webhelp,1,1,0,0,1,0,1,0,0,0,0,0,0
Cyber Security News,1,1,0,1,0,0,1,0,0,0,0,0,0
Sprinklr,1,1,0,0,1,0,1,0,0,0,0,1,0
Conduent,1,1,0,0,1,0,1,1,0,,,,0
Zydus Group,1,1,0,0,1,1,0,1,0,0,1,0,0
OnePlus,1,1,0,0,1,1,0,1,0,0,1,0,0
Aditya Birla Fashion and Retail Ltd.,1,1,0,0,1,1,0,1,0,0,1,0,0
L&T Finance,1,1,0,0,1,1,0,1,0,0,1,0,0
Rabobank,1,1,0,0,1,1,0,1,0,0,1,0,0
MANKIND PHARMA LTD,1,1,0,0,1,1,0,1,0,0,1,0,0
Zycus,1,1,0,0,1,1,0,1,0,0,1,0,0
Oil and Natural Gas Corporation Ltd,1,1,0,0,1,1,0,1,0,0,1,0,0
Viacom18 Media Private Limited,1,1,0,0,1,1,0,1,0,0,1,0,0
Cadila Pharmaceuticals Limited,1,1,0,0,1,1,0,1,0,0,1,0,0
Dubai Vacancy,1,1,0,0,0,0,0,1,0,0,1,0,0
ANZ OILFIELD SERVICES PVT. LTD.,1,1,0,0,1,1,0,1,0,0,1,0,0
Ethical Hackers Academy,1,1,0,0,0,0,0,1,0,0,1,0,0
Apollo Hospitals,1,1,0,0,1,0,0,0,0,0,1,0,0
Inc42 Media,1,1,0,1,0,0,0,0,0,0,0,1,0
Hike,1,1,1,0,0,0,0,0,0,0,1,0,0
Motive,1,1,1,1,0,0,1,0,0,0,0,0,0
Honda Cars India Ltd,1,1,0,1,1,0,1,0,0,0,0,0,0
UNIQLO,1,1,0,0,1,0,1,1,0,0,1,0,0
Nasdaq,1,1,0,0,1,0,0,0,0,0,0,0,0
0rthern Trust Corporation,1,1,0,0,1,0,1,0,0,0,0,0,0
Quess Corp Limited,1,1,1,0,1,0,0,0,0,0,0,0,0
UPL,1,1,0,0,1,0,0,0,0,0,0,0,0
Expleo Group,1,1,0,0,1,0,0,0,0,0,0,0,0
Unisys,1,1,0,0,1,0,0,0,0,0,0,0,0
Jabil,1,1,0,0,1,0,0,0,0,0,0,0,0
Tripadvisor,1,1,0,0,1,0,0,0,0,0,0,,0
Tripadvisor,1,1,0,0,1,1,0,0,1,0,0,0,0
Arm,1,1,0,0,1,1,0,0,1,0,1,1,0
Humans of Bombay,1,1,0,0,0,1,1,0,1,0,0,1,0
Postman,1,1,0,0,1,1,0,0,1,0,0,1,0
The Job Man,1,0,0,1,0,0,0,0,0,1,0,0,0
ABC Consultants,1,1,0,0,1,1,0,0,1,0,0,1,0
B. Braun Group,1,1,0,0,1,1,0,0,1,0,0,0,0
Applied Materials,1,1,0,0,1,1,0,0,1,0,1,1,0
Launchmaps,1,1,0,0,0,0,0,0,1,0,1,0,0
FICO,1,1,0,0,1,1,0,0,1,0,0,1,0
YouGov,1,1,0,0,1,1,0,0,1,0,0,1,0
Recruitment Land LLC,1,0,0,1,0,0,0,0,0,1,0,0,0
DCB Bank,1,1,0,0,1,1,0,0,1,0,1,1,0
Jobseeker HUB,1,0,0,1,0,0,0,0,0,1,0,0,0
CRED,1,1,0,0,1,1,0,0,0,0,1,0,0
"LanceSoft, Inc.",1,1,0,0,1,1,0,0,0,0,0,0,0
Cerner Corporation,1,1,0,0,1,1,0,0,0,0,1,0,0
Per0d Ricard India,1,1,0,0,1,1,0,0,0,0,0,0,0
Arabian Construction Co.,1,0,0,0,1,0,0,0,0,0,0,0,0
Deloitte Digital,1,1,0,0,1,1,0,0,0,0,1,0,0
WPP,1,1,0,0,1,1,0,0,0,0,1,0,0
Media.Monks,1,1,0,0,1,1,0,0,0,0,1,0,0
Firmenich,1,1,0,0,1,1,0,0,0,0,0,0,0
Kaspersky,1,1,0,0,1,1,0,0,0,0,1,0,0
Technicolor Creative Studios,1,1,0,0,1,1,0,0,0,0,1,0,0
KPIT,1,1,0,0,1,1,0,0,0,0,0,0,0
Pharma Jobs Post,1,0,0,0,0,0,0,0,0,0,0,0,0
Bolloré Logistics,1,1,0,0,1,1,0,0,0,0,0,0,0
Syngene International Limited,1,1,0,0,1,1,1,1,0,0,0,0,0
Cyient,1,1,0,0,1,1,0,0,0,0,1,1,0
Ather Energy,1,1,0,0,0,1,1,0,0,0,0,0,0
Federal Bank,1,1,0,0,1,1,1,0,0,0,1,0,0
KEC International Ltd.,1,1,0,0,1,1,0,0,0,0,0,0,0
Intas Pharmaceuticals,1,1,0,0,1,1,1,1,0,0,1,0,0
Volvo Trucks India,1,1,0,0,1,1,0,1,0,0,1,1,0
Zerodha,1,1,0,0,1,1,1,0,0,0,1,0,0
Eicher Trucks and Buses,1,1,0,0,1,1,0,0,0,0,0,0,0
The Corporate Bhakt,1,0,1,0,0,0,1,0,0,0,0,0,0
Parle Agro Pvt Ltd,1,1,0,0,1,0,1,0,0,0,0,0,0
Teradata,1,1,0,0,1,1,1,1,0,0,1,0,0
WTS Energy,1,1,0,0,1,0,1,0,0,0,1,0,0
Bajaj Allianz General Insurance,1,1,0,0,1,1,1,0,0,0,0,0,0
"Cameron, a Schlumberger company",1,1,0,0,1,1,0,0,0,0,1,0,0
JMC Projects (India) Ltd,1,1,0,0,1,0,1,0,0,0,0,0,0
IDBI Bank,1,1,0,0,1,,,,,,,,